,match_id,player_slot,radiant_win,duration,game_mode,lobby_type,hero_id,start_time,version,kills,deaths,assists,skill,leaver_status,party_size,kda
0,5886385485,131,False,3303,22,0,114,1615714301,,17,7,10,,0,3.0,3.857142857142857
1,5886302616,131,False,2212,22,0,113,1615711473,,16,3,13,1.0,0,3.0,9.666666666666666
2,5885980467,130,True,2362,22,0,12,1615700136,,12,4,2,1.0,0,3.0,3.5
3,5821522610,2,True,2609,22,0,12,1612678153,,17,2,12,1.0,0,4.0,14.5
4,5821476391,3,True,2728,22,0,6,1612675087,,7,8,9,1.0,0,4.0,2.0
5,5771645677,131,True,2581,22,0,114,1609760021,,12,8,3,1.0,0,4.0,1.875
6,5771573259,130,False,3483,22,0,104,1609756092,,28,2,7,,0,4.0,17.5
7,5771531899,130,False,2143,22,0,67,1609753523,,5,1,19,1.0,0,4.0,24.0
8,5771469504,2,False,3555,22,0,19,1609749239,,9,11,18,1.0,0,5.0,2.4545454545454546
9,5753838498,3,False,1538,22,7,129,1608676464,,3,7,1,1.0,1,1.0,0.5714285714285714
10,5743427044,128,False,3802,22,0,26,1608041448,,3,15,26,,0,2.0,1.9333333333333333
11,5743153642,1,False,2000,22,7,25,1608027366,,2,14,3,1.0,0,1.0,0.35714285714285715
12,5640927846,3,True,3424,4,0,23,1601715276,,11,9,22,1.0,0,3.0,3.6666666666666665
13,5640884714,2,False,2112,4,0,8,1601712863,,5,7,4,1.0,0,3.0,1.2857142857142858
14,5640757801,2,False,3141,4,0,82,1601705382,,3,13,5,1.0,3,4.0,0.6153846153846154
15,5640703601,2,False,3292,4,0,92,1601701712,,18,8,14,1.0,0,5.0,4.0
16,5633153406,4,False,2591,22,7,21,1601216404,,1,3,0,1.0,3,2.0,0.3333333333333333
17,5631261329,0,False,3465,22,0,95,1601114492,,22,8,13,,0,5.0,4.375
18,5631181357,0,False,3639,22,0,19,1601110492,,5,9,9,,0,5.0,1.5555555555555556
19,5631103599,129,True,2485,22,0,43,1601106571,,9,9,7,1.0,0,3.0,1.7777777777777777
20,5631038462,3,False,3167,22,0,53,1601103137,,8,12,12,,0,3.0,1.6666666666666667
21,5612708304,132,False,2920,22,0,19,1599992890,,16,4,32,,0,4.0,12.0
22,5612546143,132,False,3361,22,0,67,1599985551,,32,8,26,1.0,0,5.0,7.25
23,5612489129,132,False,2273,22,0,106,1599982972,,15,3,12,1.0,0,5.0,9.0
24,5612439182,132,True,1858,22,0,109,1599980639,,4,7,6,1.0,0,5.0,1.4285714285714286
25,5612369471,2,True,2432,22,0,114,1599977154,,22,5,14,,0,4.0,7.2
26,5600563949,2,False,3630,22,0,83,1599293274,,6,10,16,,0,3.0,2.2
27,5600508098,130,False,2278,22,7,91,1599290466,,2,11,16,1.0,0,3.0,1.6363636363636365
28,5600447352,132,True,2753,22,7,51,1599287237,,4,14,20,1.0,0,3.0,1.7142857142857142
29,5600390805,2,False,2724,22,7,84,1599283991,,2,8,8,1.0,0,3.0,1.25
30,5600346260,131,False,2337,4,0,48,1599281237,,16,2,12,1.0,0,3.0,14.0
31,5600294648,2,False,2516,4,0,107,1599277792,,7,15,13,1.0,0,3.0,1.3333333333333333
32,5504092148,2,False,2133,22,0,1,1594198602,,5,3,9,1.0,1,2.0,4.666666666666667
33,5503914598,132,False,2657,22,0,108,1594185402,,2,7,18,1.0,0,2.0,2.857142857142857
34,5503878912,129,False,2295,22,0,44,1594182423,,9,1,11,1.0,0,2.0,20.0
35,5500070767,130,True,2283,22,0,120,1593942930,,5,7,8,1.0,0,4.0,1.8571428571428572
36,5500000983,2,True,2958,22,0,21,1593939425,,3,5,26,,0,4.0,5.8
37,5499952841,3,False,1729,22,0,53,1593937039,,1,5,3,1.0,0,4.0,0.8
38,5499875516,3,False,3314,22,0,54,1593933329,,10,5,22,,0,4.0,6.4
39,5270054770,131,True,1985,22,7,96,1583087501,,2,9,8,1.0,0,,1.1111111111111112
40,5270000487,128,True,2072,22,7,98,1583084967,,4,9,8,1.0,0,,1.3333333333333333
41,5269934457,131,False,2461,22,7,51,1583082095,,9,9,16,1.0,0,,2.7777777777777777
42,5269822398,3,False,3502,22,7,58,1583077835,,7,5,18,,0,,5.0
43,5216423088,1,True,2689,22,0,106,1580291077,,8,4,27,,0,,8.75
44,5216351278,2,False,2645,22,0,19,1580287250,,3,9,7,,0,,1.1111111111111112
45,5216304795,0,True,1890,22,0,19,1580284854,,9,3,9,1.0,0,,6.0
46,5216249906,3,False,2335,22,0,42,1580281916,,3,7,5,1.0,0,,1.1428571428571428
47,5216205397,1,False,1956,22,0,5,1580279419,,0,14,6,1.0,0,,0.42857142857142855
48,5216167543,128,False,1888,22,0,31,1580277154,,5,4,24,1.0,0,,7.25
49,5192571114,0,True,2948,22,0,53,1578742517,,12,10,21,1.0,0,,3.3
50,5192467250,132,True,2801,22,0,6,1578737338,,18,13,10,1.0,0,,2.1538461538461537
51,5192402366,130,False,2959,22,0,41,1578733756,21.0,12,5,24,,0,5.0,7.2
52,5192338471,2,True,2635,22,0,54,1578730188,,19,3,11,1.0,0,,10.0
53,5192277922,2,False,2873,22,0,113,1578726775,,14,7,12,1.0,0,,3.7142857142857144
54,5186684665,3,True,2773,22,0,102,1578345519,,13,6,29,,0,,7.0
55,5186651906,129,False,1790,22,0,10,1578343231,,12,1,4,1.0,0,,16.0
56,5186612936,1,True,1931,22,0,93,1578340797,,6,3,13,1.0,0,,6.333333333333333
57,5186553042,3,True,2895,22,0,13,1578336963,,11,4,25,1.0,0,,9.0
58,5186485817,2,False,3063,22,0,15,1578333000,,11,12,13,1.0,0,,2.0
59,5186430641,4,True,2618,22,0,106,1578329989,,7,3,21,1.0,0,,9.333333333333334
60,5186369794,130,False,2540,22,0,4,1578326882,,15,4,14,,0,,7.25
61,5186308372,4,False,2404,22,0,56,1578324025,,12,11,13,1.0,0,,2.272727272727273
62,5186228989,4,True,2935,22,0,41,1578320699,,14,3,15,,0,,9.666666666666666
63,5133885178,2,False,2791,22,0,31,1575052144,,6,11,4,1.0,0,,0.9090909090909091
64,5133833612,130,True,1793,22,0,54,1575049556,,3,8,6,1.0,0,,1.125
65,5133705233,3,False,3133,22,0,17,1575043787,,19,8,12,,0,,3.875
66,5133622351,2,False,2571,22,0,39,1575040696,,11,7,11,,0,,3.142857142857143
67,5132869563,1,False,3335,22,0,50,1575002197,,4,12,19,1.0,0,,1.9166666666666667
68,5132844590,3,True,1728,22,0,106,1575000108,,15,2,10,1.0,0,,12.5
69,5123669614,129,True,1941,22,7,26,1574455152,,6,14,10,1.0,0,,1.1428571428571428
70,5123637664,1,True,1716,22,7,25,1574452999,,14,5,14,1.0,0,,5.6
71,5123588848,129,False,2511,22,7,6,1574450070,,7,6,13,,0,,3.3333333333333335
72,5123357427,2,False,6267,22,7,8,1574438414,,20,11,31,,0,,4.636363636363637
73,5122842018,4,True,2845,22,7,23,1574415252,,7,3,28,1.0,0,,11.666666666666666
74,5122792123,129,False,2550,22,7,28,1574411716,,5,11,26,,0,,2.8181818181818183
75,5122752176,132,False,2252,22,7,60,1574408720,,6,4,23,1.0,0,,7.25
76,5122714172,132,True,2060,22,7,114,1574405815,,4,8,9,,0,,1.625
77,5114149551,0,False,1580,22,7,105,1573840472,,1,11,0,1.0,3,,0.09090909090909091
78,5114082367,128,False,2913,22,7,68,1573837094,,7,2,24,,0,,15.5
79,5114012743,130,False,2682,22,7,27,1573833961,,9,3,19,1.0,0,,9.333333333333334
80,5113950563,130,True,2089,22,7,1,1573831402,,4,5,5,1.0,0,,1.8
81,5109770189,128,True,2723,22,7,44,1573546913,,13,4,8,,0,,5.25
82,5109737441,2,False,2031,22,7,54,1573544355,,10,5,6,1.0,0,,3.2
83,5109696801,128,False,2933,22,7,67,1573541033,,14,4,27,1.0,0,,10.25
84,5104158384,128,False,3148,22,7,89,1573209081,,18,2,12,,0,,15.0
85,5101735928,3,False,2072,22,7,10,1573041445,,2,13,6,1.0,0,,0.6153846153846154
86,5101682354,129,False,2341,22,7,58,1573038709,,13,1,9,1.0,0,,22.0
87,5101622567,3,True,3061,22,7,41,1573035154,,15,4,23,,0,,9.5
88,5094360939,2,True,2671,22,7,84,1572598782,,7,5,25,1.0,0,,6.4
89,5094302802,130,True,3171,22,7,100,1572595077,,11,5,29,1.0,0,,8.0
90,5092910406,2,False,2968,22,0,72,1572506784,21.0,2,15,8,1.0,0,5.0,0.6666666666666666
91,5091857019,0,True,2513,22,7,75,1572436086,,4,9,13,,0,,1.8888888888888888
92,5091797539,128,False,2494,22,7,75,1572433031,,3,8,23,1.0,0,,3.25
93,5091726806,3,False,2849,22,7,4,1572428750,,11,5,10,1.0,0,,4.2
94,5091664393,130,True,2653,22,7,96,1572424521,,5,10,14,,0,,1.9
95,5090393961,1,False,2229,22,7,121,1572340811,,3,11,10,1.0,0,,1.1818181818181819
96,5090359797,129,True,1669,22,7,86,1572338543,,3,13,4,1.0,0,,0.5384615384615384
97,5090301179,132,True,1829,22,7,75,1572334438,,4,8,4,1.0,0,,1.0
98,5090243791,129,False,3572,22,7,27,1572329920,,5,13,32,1.0,0,,2.8461538461538463
99,5084363432,2,False,2606,22,7,90,1571993298,,2,4,24,,0,,6.5
100,5084316039,2,True,2677,22,7,7,1571990098,,2,10,13,,0,,1.5
101,5084264154,131,False,2998,22,7,9,1571986352,,1,7,19,,0,,2.857142857142857
102,5083073716,132,True,2148,22,7,5,1571908522,,1,12,10,1.0,0,,0.9166666666666666
103,5083012510,132,False,3211,22,7,9,1571904285,,6,9,30,,0,,4.0
104,5082968857,129,False,2513,22,7,90,1571901104,,3,4,14,1.0,0,,4.25
105,5057129971,1,True,2084,22,7,96,1570353729,,1,5,15,1.0,0,,3.2
106,5057049816,129,False,2687,22,7,13,1570350384,,6,13,24,1.0,0,,2.3076923076923075
107,5053465208,1,False,2242,22,7,73,1570165499,,5,8,12,1.0,1,,2.125
108,5053416770,129,True,2169,22,7,57,1570162138,,1,8,12,1.0,0,,1.625
109,5053382996,2,True,1894,22,7,104,1570159603,,2,7,13,1.0,0,,2.142857142857143
110,5053334945,132,True,2815,22,7,98,1570156010,,11,7,9,1.0,0,,2.857142857142857
111,5053300519,129,True,2353,22,7,19,1570153235,,2,14,13,1.0,0,,1.0714285714285714
112,5042710920,131,False,2494,22,7,69,1569579304,,7,4,21,1.0,0,,7.0
113,5040010475,3,False,2764,22,7,99,1569416425,,9,6,10,,0,,3.1666666666666665
114,5035655205,130,False,2747,22,0,73,1569162370,,6,3,13,,0,,6.333333333333333
115,5035563216,4,False,2189,22,7,28,1569159696,,4,9,6,1.0,0,,1.1111111111111112
116,5034716169,129,False,1879,22,7,38,1569129315,,2,3,23,1.0,0,,8.333333333333334
117,5032809275,128,False,2861,22,0,62,1569044079,,16,10,25,,0,,4.1
118,5032758611,0,True,2162,22,0,98,1569041462,,16,7,16,1.0,0,,4.571428571428571
119,5032681874,128,False,3167,22,0,120,1569037028,,6,12,17,,0,,1.9166666666666667
120,5032635148,129,False,2444,22,0,14,1569034125,,4,7,23,1.0,0,,3.857142857142857
121,5031770796,3,True,2129,2,7,96,1568987986,,8,4,21,1.0,0,,7.25
122,5030426435,132,True,2989,22,7,96,1568907170,,7,8,21,,1,,3.5
123,5028516281,131,False,2817,22,7,96,1568804348,,12,5,27,1.0,0,,7.8
124,5027303365,1,False,2603,22,7,99,1568726856,,4,11,11,,0,,1.3636363636363635
125,5025662331,0,False,3175,22,7,33,1568634720,,3,18,17,,1,,1.1111111111111112
126,5024367071,3,True,2496,22,7,84,1568557028,,6,8,24,,0,,3.75
127,5023742027,131,True,2589,22,7,25,1568535953,,5,11,12,,1,,1.5454545454545454
128,5023543711,4,False,2745,22,7,111,1568528278,,5,13,24,,0,,2.230769230769231
129,5022898059,128,False,3004,22,0,58,1568487167,,12,4,13,1.0,0,,6.25
130,5022781267,131,False,2608,22,0,73,1568482137,,10,4,10,,0,,5.0
131,5022721830,131,False,1891,4,0,21,1568479854,,7,1,23,1.0,0,,30.0
132,5022607618,0,True,3415,4,0,3,1568475905,,5,5,24,,0,,5.8
133,5022487059,131,True,3146,4,0,30,1568472220,,4,12,19,,0,,1.9166666666666667
134,5022405243,130,False,1995,4,0,36,1568469849,,10,7,14,1.0,0,,3.4285714285714284
135,5022308667,129,False,2384,4,0,97,1568467005,,3,8,27,1.0,0,,3.75
136,5009774861,0,False,1619,4,0,94,1567827171,,1,4,9,,0,,2.5
137,4955909863,3,True,2037,4,0,129,1565327299,,9,5,23,1.0,0,,6.4
138,4955859246,0,False,2298,4,0,94,1565324719,,6,7,5,1.0,0,,1.5714285714285714
139,4952770679,1,False,2003,4,0,109,1565181896,,2,6,2,1.0,0,,0.6666666666666666
140,4928997650,2,False,2022,22,7,7,1564227023,21.0,0,3,3,1.0,3,1.0,1.0
141,4906592062,2,False,2369,4,0,81,1563268914,,9,7,8,1.0,0,,2.4285714285714284
142,4906539723,131,True,1891,4,0,114,1563266596,,7,10,7,1.0,0,,1.4
143,4906472222,128,False,2433,4,0,46,1563263530,,11,4,14,1.0,0,,6.25
144,4906420141,130,False,1986,4,0,93,1563261019,,7,5,12,1.0,0,,3.8
145,4883881020,3,False,776,4,0,44,1562264890,,0,2,0,1.0,2,,0.0
146,4881771191,128,False,2324,22,7,96,1562171599,,3,4,17,,2,,5.0
147,4864701736,131,False,2797,22,7,53,1561492982,,9,10,20,,0,,2.9
148,4864646623,1,True,2219,22,7,129,1561490031,,6,10,27,1.0,0,,3.3
149,4863288951,1,True,2192,22,7,5,1561443726,,5,9,19,,0,,2.6666666666666665
150,4862746975,0,True,2529,22,7,2,1561407852,,5,6,19,1.0,0,,4.0
151,4862692386,132,False,2429,22,7,16,1561404816,,5,6,18,1.0,0,,3.8333333333333335
152,4810823157,0,False,2678,22,0,55,1559640282,,3,12,20,1.0,0,,1.9166666666666667
153,4810723938,1,True,2324,22,0,44,1559637442,,20,5,13,,0,,6.6
154,4810588569,129,False,3521,22,0,1,1559633387,,19,7,16,,0,,5.0
155,4810397370,132,True,3752,22,0,69,1559626875,,14,9,43,1.0,0,,6.333333333333333
156,4810310226,4,True,2627,22,0,53,1559623724,,9,5,20,1.0,0,,5.8
157,4810231792,3,True,2445,22,0,67,1559620729,,8,1,31,1.0,0,,39.0
158,4810168794,131,False,2443,4,0,32,1559617925,,14,4,23,1.0,0,,9.25
159,4810109831,132,False,1971,22,0,82,1559615214,,11,6,4,1.0,0,,2.5
160,4798422389,2,True,3265,22,0,96,1559281371,,13,6,20,1.0,0,,5.5
161,4798350431,130,True,2045,22,0,114,1559278727,,8,10,5,1.0,0,,1.3
162,4798283045,130,False,2130,22,0,8,1559276132,,13,2,22,1.0,0,,17.5
163,4798201619,2,True,2659,22,0,56,1559272485,,16,3,12,1.0,0,,9.333333333333334
164,4798146016,3,True,2263,22,0,77,1559269787,,12,1,12,1.0,0,,24.0
165,4798092105,131,False,2337,22,0,5,1559266972,,4,6,22,,0,,4.333333333333333
166,4776149859,2,True,2178,22,0,78,1558594032,,9,1,16,1.0,0,,25.0
167,4776043764,132,False,2498,22,0,47,1558590818,,7,2,20,1.0,0,,13.5
168,4775952606,132,False,2369,22,0,64,1558587915,,4,3,20,,0,,8.0
169,4771989754,2,True,1966,2,7,106,1558452368,,21,0,7,,0,,inf
170,4771646130,129,False,3082,2,7,67,1558446257,,8,8,28,,0,,4.5
171,4769978013,4,False,1409,22,0,83,1558388050,,2,8,7,1.0,3,,1.125
172,4769904839,130,False,2753,22,0,16,1558384383,,5,8,23,1.0,0,,3.5
173,4769828487,3,True,2170,22,0,7,1558381124,,5,2,17,1.0,1,,11.0
174,4769759386,3,False,2150,22,0,106,1558378502,,8,7,7,,0,,2.142857142857143
175,4769703266,3,True,1448,22,0,10,1558376487,,19,1,6,1.0,0,,25.0
176,4769623757,130,False,2005,22,0,10,1558373900,,18,1,6,,0,,24.0
177,4769507067,131,True,2846,22,0,1,1558370457,21.0,15,1,5,,0,4.0,20.0
178,4769368909,2,True,3022,22,0,76,1558366958,,15,2,15,,0,,15.0
179,4750400606,2,True,2624,22,0,106,1557832131,,12,6,14,,0,,4.333333333333333
180,4750308183,2,True,1553,22,0,10,1557829952,,24,2,6,1.0,0,,15.0
181,4750198308,3,False,2449,22,0,46,1557826992,,13,8,15,,0,,3.5
182,4750094208,131,False,2385,22,0,10,1557824042,,17,3,3,1.0,0,,6.666666666666667
183,4749987248,131,True,2457,22,0,8,1557821008,,14,9,16,,0,,3.3333333333333335
184,4749894984,3,False,2204,22,0,94,1557818203,,5,7,6,,1,,1.5714285714285714
185,4707550100,129,False,3037,22,7,35,1556690253,,17,6,10,,0,,4.5
186,4707408097,3,False,2686,22,7,23,1556687057,,11,7,13,1.0,0,,3.4285714285714284
187,4707303513,132,False,2273,22,7,95,1556684247,,18,3,7,1.0,0,,8.333333333333334
188,4707215383,129,False,1952,22,7,89,1556681653,,5,0,9,1.0,0,,inf
189,4707113739,129,True,2609,22,7,10,1556678551,,16,4,12,1.0,0,,7.0
190,4707017869,129,False,2682,22,7,36,1556675415,,20,7,13,1.0,0,,4.714285714285714
191,4678304888,128,False,2762,22,0,17,1555912401,,23,3,19,1.0,0,,14.0
192,4678207751,1,False,2642,22,0,105,1555909236,,10,9,8,1.0,0,,2.0
193,4678096354,129,True,2667,22,7,63,1555905565,,7,9,9,1.0,0,,1.7777777777777777
194,4677990412,0,True,3373,22,7,67,1555901268,,20,7,29,1.0,0,,7.0
195,4677909383,131,False,2926,22,7,54,1555897626,,16,2,23,1.0,0,,19.5
196,4657127686,1,True,2861,22,0,54,1555393878,,22,5,16,1.0,0,,7.6
197,4657034798,128,False,2142,22,0,23,1555391223,,11,1,15,1.0,0,,26.0
198,4656825339,0,True,2057,22,0,6,1555384841,,15,0,5,1.0,0,,inf
199,4656760524,1,True,1929,22,0,94,1555382522,,19,0,11,1.0,0,,inf
200,4656679786,129,True,2398,22,0,10,1555379452,,12,8,6,1.0,0,,2.25
201,4656638746,1,True,1293,22,0,67,1555377635,,6,2,9,1.0,0,,7.5
202,4631371153,129,False,2878,22,0,36,1554788316,,19,4,10,1.0,0,,7.25
203,4631309931,0,True,1140,22,0,17,1554786673,,4,0,2,1.0,0,,inf
204,4631175995,128,True,3067,22,0,106,1554783146,,9,7,15,,0,,3.4285714285714284
205,4631090505,3,True,2117,4,0,81,1554780482,,8,3,9,1.0,0,,5.666666666666667
206,4630983390,132,False,3269,4,0,73,1554776735,,25,3,17,1.0,0,,14.0
207,4630918341,129,True,2147,4,0,25,1554774211,,17,7,7,1.0,0,,3.4285714285714284
208,4603014669,131,True,2884,22,0,106,1554204747,,11,7,9,,0,,2.857142857142857
209,4602726387,130,False,1784,22,0,73,1554200276,,17,2,14,1.0,0,,15.5
210,4602517743,2,True,2102,22,0,10,1554197294,,23,2,4,1.0,0,,13.5
211,4602380776,129,False,2203,22,0,12,1554194403,,17,4,16,,0,,8.25
212,4602267596,1,False,2228,22,0,97,1554191703,,3,7,20,1.0,0,,3.2857142857142856
213,4602177243,1,True,1470,22,0,1,1554189404,,13,2,11,1.0,0,,12.0
214,4579955981,130,True,2798,22,7,120,1553688036,,12,10,7,,1,,1.9
215,4579600550,128,False,2173,22,0,81,1553681742,,19,4,8,1.0,0,,6.75
216,4579461724,0,False,2484,22,0,13,1553678769,,14,8,11,1.0,0,,3.125
217,4579307626,4,True,3108,22,0,109,1553675274,,11,8,18,1.0,0,,3.625
218,4564562192,132,False,2127,22,0,67,1553326234,,15,1,21,1.0,0,,36.0
219,4564372121,4,True,3041,22,0,8,1553322727,,12,3,7,1.0,0,,6.333333333333333
220,4564247543,3,True,1841,22,0,70,1553320257,,30,0,8,1.0,0,,inf
221,4556811476,3,True,2229,22,0,62,1553161177,,10,6,16,1.0,0,,4.333333333333333
222,4556705447,1,True,1951,22,0,15,1553158767,,16,5,14,1.0,0,,6.0
223,4556579910,129,True,2471,22,0,27,1553155857,,6,11,15,1.0,1,,1.9090909090909092
224,4556468490,1,False,2205,22,0,66,1553153127,,6,10,6,1.0,0,,1.2
225,4556356371,1,True,2509,22,0,8,1553150131,,14,4,21,1.0,0,,8.75
226,4556233642,2,False,2806,22,0,10,1553146644,,10,11,6,1.0,0,,1.4545454545454546
227,4533723136,2,True,1936,22,0,120,1552650647,,23,2,18,1.0,0,,20.5
228,4533550026,4,True,2359,22,7,95,1552647787,,6,2,15,1.0,0,,10.5
229,4533416279,4,True,2012,22,7,95,1552645259,,13,2,10,1.0,0,,11.5
230,4533286642,4,True,2171,22,0,112,1552642649,,5,2,22,1.0,0,,13.5
231,4533159567,4,False,1850,22,7,88,1552640306,,4,5,6,1.0,0,,2.0
232,4533032019,4,True,2103,22,7,27,1552637707,,3,6,25,1.0,0,,4.666666666666667
233,4532873431,3,False,3150,22,7,73,1552633978,,8,9,16,,0,,2.6666666666666665
234,4502670210,2,False,2218,22,0,29,1551958730,,4,8,7,1.0,0,,1.375
235,4502484108,130,False,2611,22,0,53,1551955555,,25,10,12,1.0,0,,3.7
236,4502346912,131,True,2146,22,0,76,1551952875,,5,6,1,1.0,0,,1.0
237,4502077601,132,False,3239,22,0,67,1551947018,,28,4,20,1.0,0,,12.0
238,4501910749,131,True,3470,22,0,19,1551943066,21.0,4,9,16,,0,4.0,2.2222222222222223
239,4498240499,130,False,2234,22,7,129,1551859054,,14,3,16,1.0,0,,10.0
240,4480827192,3,False,2662,22,7,107,1551516175,21.0,9,13,16,1.0,0,3.0,1.9230769230769231
241,4309053433,3,False,3715,22,7,26,1546429156,,10,19,16,,0,,1.368421052631579
242,4308938495,131,True,1124,22,7,82,1546425074,,0,9,1,1.0,1,,0.1111111111111111
243,4308764238,132,False,2753,22,7,78,1546417871,,21,3,24,,0,,15.0
244,4308707225,4,True,1977,22,7,41,1546415364,,28,2,10,1.0,0,,19.0
245,4308662229,131,False,1652,22,0,2,1546413239,,24,1,14,1.0,0,,38.0
246,4298713408,2,True,2808,22,0,50,1545995728,,1,10,12,,0,,1.3
247,4298623621,2,True,2814,22,7,26,1545992374,,12,11,9,,0,,1.9090909090909092
248,4298567138,130,False,1763,22,7,8,1545990101,,20,4,2,1.0,0,,5.5
249,4298490164,2,True,2576,22,7,82,1545986931,,18,5,11,,0,,5.8
250,4298352997,3,True,2575,22,0,86,1545981010,,9,8,14,1.0,0,,2.875
251,4278671326,132,True,732,22,0,67,1545219671,,0,0,0,1.0,3,,
252,4278603183,3,True,2547,22,0,109,1545216618,,25,6,16,1.0,0,,6.833333333333333
253,4278550437,131,False,2226,22,0,105,1545213963,,8,9,15,1.0,0,,2.5555555555555554
254,4278499012,132,False,2303,22,0,26,1545211201,,6,6,23,1.0,0,,4.833333333333333
255,4278364082,131,True,2423,22,0,93,1545203663,,13,15,6,1.0,0,,1.2666666666666666
256,4265369906,128,True,2406,22,7,13,1544518826,,2,8,12,1.0,0,,1.75
257,4265297725,130,True,2781,22,7,74,1544514477,,10,5,14,1.0,0,,4.8
258,4257070556,128,True,2636,22,0,14,1544089078,,5,11,23,1.0,0,,2.5454545454545454
259,4257009140,0,False,2751,22,0,44,1544085803,,6,9,8,1.0,0,,1.5555555555555556
260,4256970432,0,False,1732,22,0,82,1544083660,,8,8,4,1.0,1,,1.5
261,4256909952,132,False,2859,22,7,110,1544080181,,9,4,26,1.0,0,,8.75
262,4256867497,129,False,2283,22,7,55,1544077439,,10,7,24,1.0,0,,4.857142857142857
263,4248184989,1,True,2078,22,0,113,1543643124,,23,3,12,1.0,0,,11.666666666666666
264,4248137550,129,True,2034,22,0,106,1543640717,,15,10,5,1.0,0,,2.0
265,4248095828,0,False,1872,22,0,50,1543638372,,4,8,7,1.0,1,,1.375
266,4248052571,128,False,2327,22,0,82,1543635588,,17,5,18,1.0,0,,7.0
267,4248014837,130,True,1935,22,0,26,1543632995,,6,14,10,1.0,0,,1.1428571428571428
268,4247972980,2,True,2350,4,0,74,1543630260,,9,4,14,1.0,0,,5.75
269,4247935113,2,True,2625,4,0,30,1543627396,,9,9,22,,0,,3.4444444444444446
270,4236300536,128,True,2661,22,0,89,1543043370,,16,5,6,,0,,4.4
271,4236239324,129,False,2052,22,0,93,1543040812,,24,4,17,1.0,0,,10.25
272,4236147033,128,True,3755,22,0,62,1543036606,,24,10,16,,0,,4.0
273,4236086129,128,False,2694,22,0,6,1543033484,,31,1,13,,0,,44.0
274,4224019820,132,True,3395,22,0,98,1542454928,,19,10,20,,0,,3.9
275,4223906935,2,False,2927,22,0,113,1542450614,,23,9,12,,0,,3.888888888888889
276,4223831069,130,False,2843,4,0,106,1542447355,,32,6,7,1.0,0,,6.5
277,4223760552,2,False,2509,4,0,10,1542444324,,8,12,6,,0,,1.1666666666666667
278,4223669045,130,False,3696,4,0,70,1542440250,,21,7,15,1.0,0,,5.142857142857143
279,4212238052,3,True,1873,22,0,6,1541826689,,26,2,13,1.0,0,,19.5
280,4212179935,3,False,824,22,0,74,1541823214,,3,2,2,1.0,1,,2.5
281,4212135621,128,False,2210,22,0,109,1541820316,,16,2,10,1.0,0,,13.0
282,4203135469,1,True,2386,22,0,73,1541328909,,13,4,7,1.0,0,,5.0
283,4203005368,131,False,3862,2,7,19,1541324043,,13,12,21,,0,,2.8333333333333335
284,4202889108,4,True,1914,22,7,33,1541319657,,3,7,17,1.0,0,,2.857142857142857
285,4202833278,130,False,1794,4,0,85,1541317489,,11,4,29,1.0,0,,10.0
286,4202778475,128,False,1889,4,0,9,1541315290,,15,0,19,1.0,0,,inf
287,4188921467,4,True,2965,4,0,58,1540621145,,8,15,20,1.0,0,,1.8666666666666667
288,4188831971,129,False,3169,4,0,41,1540617375,,28,4,14,,0,,10.5
289,4188790194,1,True,1551,4,0,82,1540615418,,18,1,8,1.0,0,,26.0
290,4188737413,131,True,1498,22,0,71,1540612741,,5,4,16,1.0,2,,5.25
291,4188685425,4,True,2423,22,0,20,1540609933,,16,3,29,1.0,0,,15.0
292,4188640599,132,False,1831,22,0,112,1540607426,,4,4,21,1.0,0,,6.25
293,4187266087,129,True,2953,22,7,5,1540550544,,3,18,25,,0,,1.5555555555555556
294,4175874221,0,True,1995,4,0,61,1539947672,,20,2,8,1.0,0,,14.0
295,4175827835,1,True,1564,4,0,109,1539945561,21.0,2,1,4,1.0,0,,6.0
296,4164687415,2,True,1441,22,0,9,1539340576,,8,2,9,1.0,0,,8.5
297,4164664912,2,True,679,22,0,9,1539339470,,2,2,0,1.0,1,,1.0
298,4154660427,1,False,2860,22,0,100,1538808749,,6,12,19,,0,,2.0833333333333335
299,4154578926,129,True,2976,22,0,42,1538804885,,10,12,22,1.0,0,,2.6666666666666665
300,4154494559,1,False,3857,22,0,84,1538800289,,9,10,15,,0,,2.4
301,4154462314,1,True,1463,22,0,100,1538798355,,19,0,21,1.0,0,,inf
302,4153235803,128,True,1608,22,0,86,1538737031,,2,13,4,1.0,0,,0.46153846153846156
303,4153172865,0,True,1773,22,7,36,1538734135,,18,1,20,1.0,0,,38.0
304,4153035325,0,True,2297,22,7,67,1538727631,,12,5,12,,0,,4.8
305,4151573041,131,False,2953,22,7,36,1538649812,,18,5,22,,0,,8.0
306,4144619106,131,True,2322,22,7,46,1538291010,,9,8,8,1.0,0,,2.125
307,4144529983,2,False,3406,22,7,45,1538287026,,22,8,12,,0,,4.25
308,4144478232,130,False,2121,22,7,106,1538284483,,16,2,14,,0,,15.0
309,4143040273,3,False,2457,22,0,22,1538218358,21.0,7,9,14,1.0,0,3.0,2.3333333333333335
310,4142945463,129,False,2804,22,0,32,1538214486,,19,5,21,1.0,0,,8.0
311,4142883777,129,False,2268,4,0,1,1538211900,,19,2,10,1.0,0,,14.5
312,4142813477,130,False,2635,4,0,7,1538208913,,4,5,13,1.0,0,,3.4
313,4142760171,131,True,1974,4,0,45,1538206560,,13,8,6,1.0,0,,2.375
314,4142702677,2,True,2327,4,0,69,1538203892,,13,9,29,1.0,0,,4.666666666666667
315,4142378507,131,False,2766,22,7,53,1538185076,,4,8,21,1.0,0,,3.125
316,4141306773,132,True,1929,4,0,41,1538133587,,3,7,10,1.0,0,,1.8571428571428572
317,4141264220,132,True,1527,4,0,40,1538131704,,3,16,1,1.0,0,,0.25
318,4141210059,4,True,2341,4,0,80,1538129092,,5,3,16,1.0,0,,7.0
319,4141157700,132,False,2405,4,0,76,1538126392,,19,5,13,1.0,0,,6.4
320,4141031856,2,True,2009,22,7,121,1538119731,,8,5,22,1.0,0,,6.0
321,4140863882,3,True,3159,22,7,110,1538109481,,8,12,19,1.0,0,,2.25
322,4131174389,3,True,2395,4,0,12,1537616432,,9,3,3,1.0,0,,4.0
323,4131081054,2,True,2781,4,0,113,1537613159,,16,4,17,1.0,0,,8.25
324,4131029332,4,False,679,22,0,67,1537611216,,2,2,1,1.0,2,,1.5
325,4130958085,132,True,1941,22,0,74,1537608510,,10,8,3,1.0,0,,1.625
326,4130863559,132,False,3030,22,0,63,1537604986,,31,3,15,,0,,15.333333333333334
327,4130786150,132,True,2554,22,0,110,1537602058,,7,14,17,,0,,1.7142857142857142
328,4129122438,128,False,1909,22,7,70,1537524900,,16,1,7,1.0,0,,23.0
329,4118405051,130,False,2188,22,7,110,1536983121,,10,9,31,1.0,0,,4.555555555555555
330,4118349606,132,False,2639,22,7,53,1536979957,,5,9,33,1.0,0,,4.222222222222222
331,4118292791,130,False,2564,22,7,121,1536976046,,17,7,10,1.0,0,,3.857142857142857
332,4117103971,1,True,2092,22,7,91,1536922112,,5,7,21,1.0,0,,3.7142857142857144
333,4117023400,1,True,2710,22,7,12,1536918407,,23,3,12,1.0,0,,11.666666666666666
334,4111813926,132,True,1525,22,0,63,1536641871,,12,6,2,1.0,1,,2.3333333333333335
335,4111764203,3,False,2237,22,0,53,1536638498,,2,12,6,1.0,0,,0.6666666666666666
336,4111635355,128,False,2091,22,0,86,1536628276,,7,5,25,1.0,0,,6.4
337,4108750282,131,False,2215,22,0,14,1536489350,,8,9,25,,0,,3.6666666666666665
338,4108488994,0,False,3442,22,0,35,1536480961,,27,10,3,,0,,3.0
339,4108387728,0,True,2279,22,0,121,1536477685,,9,6,25,1.0,0,,5.666666666666667
340,4108311123,0,False,1378,22,0,84,1536475049,,3,4,4,1.0,2,,1.75
341,4106214083,4,False,3118,22,0,6,1536386359,,11,8,6,,0,,2.125
342,4106149936,132,False,2259,22,0,35,1536383692,,10,5,15,1.0,0,,5.0
343,4106084591,4,False,2516,22,0,83,1536380708,,3,14,10,,0,,0.9285714285714286
344,4106016804,131,True,2973,22,0,14,1536377208,,8,18,22,1.0,0,,1.6666666666666667
345,4096022006,4,False,2653,22,0,7,1535876886,,5,14,14,,0,,1.3571428571428572
346,4095943567,4,True,2353,4,0,39,1535874147,,19,9,8,1.0,0,,3.0
347,4095875957,131,True,1805,4,0,58,1535871699,,1,15,7,1.0,0,,0.5333333333333333
348,4095803050,3,True,2342,4,0,106,1535868880,,21,8,18,,0,,4.875
349,4095749826,3,True,1863,4,0,73,1535866649,21.0,21,1,13,1.0,0,5.0,34.0
350,4094131592,3,False,3729,4,0,120,1535796627,,6,16,22,,0,,1.75
351,4091870844,130,True,2008,4,0,34,1535701924,21.0,2,6,3,1.0,1,1.0,0.8333333333333334
352,4078855477,2,False,2986,4,0,99,1535177197,,10,5,12,1.0,0,,4.4
353,4078783032,130,True,2318,4,0,8,1535174480,,5,8,7,1.0,0,,1.5
354,4078658103,130,True,3550,4,0,1,1535169004,,10,9,8,1.0,0,,2.0
355,4077270191,129,True,3079,4,0,47,1535109559,,16,9,8,,0,,2.6666666666666665
356,4077141141,4,True,2338,4,0,94,1535105172,,9,5,10,1.0,0,,3.8
357,4075224726,129,False,1589,4,0,57,1535020027,,7,1,2,1.0,0,,9.0
358,4071669233,1,False,2848,4,0,11,1534855476,,18,7,13,1.0,0,,4.428571428571429
359,4069576461,129,True,2068,4,0,109,1534763738,,2,10,6,1.0,1,,0.8
360,4065492205,132,True,1887,22,7,67,1534571986,,1,9,3,1.0,3,,0.4444444444444444
361,4065440624,2,True,1815,22,7,69,1534569301,,10,2,16,1.0,0,,13.0
362,4064120790,0,False,1059,22,0,74,1534500403,,0,5,0,1.0,1,,0.0
363,4064046621,1,False,2995,22,7,104,1534496959,,14,14,9,,0,,1.6428571428571428
364,4063983791,3,True,2438,22,7,110,1534493972,,4,8,19,1.0,0,,2.875
365,4063903734,128,False,3246,22,7,7,1534489952,,9,18,31,,0,,2.2222222222222223
366,4060879892,0,False,3043,22,0,5,1534317887,,4,19,15,,1,,1.0
367,4060823192,0,True,2585,22,0,70,1534314672,,19,5,10,,0,,5.8
368,4055836787,1,True,2619,22,0,43,1534056974,,24,8,10,1.0,0,,4.25
369,4055762716,1,True,2475,4,0,93,1534054053,,11,10,13,1.0,0,,2.4
370,4055705519,0,True,2256,4,0,38,1534051563,,5,8,10,1.0,0,,1.875
371,4041085518,1,False,2838,4,0,50,1533355320,,1,13,15,1.0,0,,1.2307692307692308
372,4041032531,1,True,2284,4,0,93,1533352386,,25,6,13,1.0,0,,6.333333333333333
373,4040977428,129,False,2749,4,0,67,1533349196,,18,5,16,1.0,0,,6.8
374,4040936395,130,False,2178,4,0,95,1533346678,,20,2,5,1.0,0,,12.5
375,4039805248,130,True,2885,4,0,119,1533296996,,8,14,14,,0,,1.5714285714285714
376,4016238872,129,True,1326,22,0,36,1532148044,,0,2,5,1.0,3,,2.5
377,4004511652,0,True,2140,22,0,70,1531542613,,26,0,11,1.0,0,,inf
378,4004377884,1,False,3065,22,0,98,1531534440,,9,13,6,,0,,1.1538461538461537
379,4004346679,0,True,1813,4,0,4,1531532229,,28,2,2,1.0,0,,15.0
380,4003138522,130,True,2615,4,0,35,1531474405,,16,9,4,1.0,3,,2.2222222222222223
381,4003074986,132,False,2262,4,0,56,1531471346,,25,1,6,1.0,0,,31.0
382,4003009771,3,True,2602,4,0,9,1531468085,,24,4,16,,0,,10.0
383,4002844803,130,True,2745,22,7,96,1531458422,,6,7,11,1.0,1,,2.4285714285714284
384,4000054001,2,True,3443,4,0,70,1531307484,,16,12,13,,0,,2.4166666666666665
385,3999915506,130,True,2055,4,0,4,1531301388,,15,6,8,1.0,0,,3.8333333333333335
386,3999801226,4,False,2543,4,0,76,1531295859,,24,7,4,,0,,4.0
387,3999680665,132,True,1939,22,7,78,1531289208,,5,7,7,1.0,0,,1.7142857142857142
388,3999596054,4,False,2113,22,7,71,1531283831,,4,13,15,1.0,0,,1.4615384615384615
389,3999546668,132,True,2987,22,7,51,1531280340,,1,10,23,1.0,0,,2.4
390,3999519554,4,True,1373,22,7,53,1531278349,,10,4,23,1.0,0,,8.25
391,3998005824,4,False,3096,22,0,79,1531200584,,11,11,20,1.0,0,,2.8181818181818183
392,3997968209,4,True,2079,22,0,79,1531198076,,7,7,19,1.0,0,,3.7142857142857144
393,3997892885,129,True,2993,22,0,3,1531192609,,7,17,6,1.0,0,,0.7647058823529411
394,3997845873,132,True,2803,4,0,106,1531189000,,12,10,15,1.0,0,,2.7
395,3997818287,4,True,1804,4,0,8,1531186787,,15,0,7,1.0,0,,inf
396,3996308051,132,False,1982,4,0,8,1531109403,,10,2,7,1.0,0,,8.5
397,3996263897,129,True,2882,4,0,9,1531106157,,9,11,16,1.0,0,,2.272727272727273
398,3994667292,3,True,2261,4,0,57,1531032349,,3,7,15,1.0,0,,2.5714285714285716
399,3994621697,0,True,1540,4,0,53,1531030413,21.0,2,2,15,1.0,0,1.0,8.5
400,3994558278,130,False,2375,4,0,20,1531027526,,6,10,24,,0,,3.0
401,3989654073,2,False,2363,4,0,94,1530787905,21.0,5,8,1,,3,3.0,0.75
402,3989559023,128,True,686,4,0,67,1530783671,,1,4,0,1.0,3,,0.25
403,3989525014,2,False,2243,4,0,47,1530782081,,1,4,0,1.0,1,,0.25
404,3989452774,1,False,1451,22,0,47,1530778584,,4,6,3,1.0,3,,1.1666666666666667
405,3982559766,0,True,2104,22,7,112,1530427846,,4,6,11,,0,,2.5
406,3982490279,132,True,2382,22,7,3,1530425021,,2,10,10,1.0,0,,1.2
407,3980713550,3,True,2630,22,0,35,1530345177,,15,6,19,,0,,5.666666666666667
408,3980609444,130,True,2482,22,0,59,1530340987,,19,8,9,1.0,0,,3.5
409,3980537991,131,True,2706,22,0,55,1530337843,,10,11,20,,0,,2.727272727272727
410,3980465613,130,False,3097,4,0,45,1530334385,,14,6,10,,0,,4.0
411,3980402341,132,False,2953,4,0,8,1530330979,,11,4,11,,0,,5.5
412,3979032839,131,False,2568,22,7,110,1530267583,,15,5,20,,0,,7.0
413,3978732426,2,True,2955,2,7,18,1530253629,,14,6,20,,0,,5.666666666666667
414,3977428373,1,True,2886,4,0,70,1530186624,,15,6,16,,0,,5.166666666666667
415,3977341965,130,True,3031,4,0,114,1530183311,,16,11,13,,0,,2.6363636363636362
416,3977115389,1,False,2232,4,0,61,1530173386,,3,5,5,1.0,0,,1.6
417,3977049407,129,True,2909,4,0,9,1530170146,,20,8,16,,0,,4.5
418,3975234389,0,False,2579,4,0,39,1530075832,,14,9,12,,0,,2.888888888888889
419,3975192228,0,True,2309,4,0,20,1530073142,,4,9,14,1.0,0,,2.0
420,3975134878,0,False,3564,4,0,90,1530069126,,2,15,35,,0,,2.466666666666667
421,3975103737,0,False,1861,4,0,120,1530066873,,2,9,5,1.0,0,,0.7777777777777778
422,3975059229,128,False,3000,4,0,11,1530063430,,10,8,14,,0,,3.0
423,3967982139,1,False,3625,4,0,99,1529732678,,15,10,20,1.0,0,,3.5
424,3967872779,0,False,2681,22,0,113,1529727312,,14,11,8,,0,,2.0
425,3967837188,128,False,1384,22,0,4,1529725329,,20,3,4,1.0,0,,8.0
426,3967783136,0,True,2581,22,0,81,1529722220,,16,4,6,,0,,5.5
427,3967742560,4,True,1946,22,7,89,1529719638,,1,4,22,1.0,0,,5.75
428,3966852682,4,False,2847,22,7,53,1529674891,,8,12,17,,0,,2.0833333333333335
429,3966773881,130,False,2004,22,7,110,1529672357,,3,7,18,1.0,0,,3.0
430,3966291247,131,True,3407,22,0,4,1529652913,,21,10,4,,0,,2.5
431,3966212967,2,False,3534,22,0,4,1529648891,,15,11,18,,0,,3.0
432,3966177047,130,False,1395,22,0,48,1529646921,,7,2,8,1.0,0,,7.5
433,3964830218,3,False,3136,22,0,48,1529577696,,9,12,10,,0,,1.5833333333333333
434,3964767871,3,True,2072,22,0,56,1529575091,,22,4,6,1.0,0,,7.0
435,3964699910,3,True,2433,22,0,106,1529572140,,22,3,16,,0,,12.666666666666666
436,3964653298,131,False,1674,22,0,74,1529570028,,6,0,6,1.0,0,,inf
437,3964254487,132,False,2659,22,7,101,1529546762,,5,12,19,1.0,0,,2.0
438,3964217751,128,True,2542,22,7,26,1529543832,,0,16,9,1.0,1,,0.5625
439,3962680786,2,True,3463,22,7,30,1529469996,,10,11,30,,0,,3.6363636363636362
440,3962627531,2,True,3032,22,7,51,1529466561,,12,15,21,,0,,2.2
441,3962567704,2,True,2205,22,7,26,1529462386,21.0,3,10,17,1.0,0,,2.0
442,3962529550,128,False,2111,22,7,91,1529459587,,5,5,19,1.0,0,,4.8
443,3961113885,129,True,3259,22,0,39,1529387392,,8,10,18,1.0,0,,2.6
444,3961071774,1,True,2178,22,0,42,1529384778,,13,5,23,1.0,0,,7.2
445,3961025489,129,True,2527,22,0,48,1529381588,,7,19,17,1.0,0,,1.263157894736842
446,3960985099,1,False,2543,22,0,60,1529378592,,11,8,5,1.0,0,,2.0
447,3960941020,129,True,2973,22,7,46,1529375141,,16,7,6,1.0,0,,3.142857142857143
448,3960908869,132,True,1711,22,0,5,1529372307,,5,10,8,1.0,0,,1.3
449,3957909801,0,False,2658,22,0,25,1529235083,,15,8,10,,3,,3.125
450,3957873559,1,False,758,22,0,5,1529233905,,3,4,1,1.0,1,,1.0
451,3957798330,129,False,2069,22,0,104,1529231347,,13,1,12,,0,,25.0
452,3957715418,129,True,2412,22,0,23,1529228498,,17,11,1,,0,,1.6363636363636365
453,3957625968,1,True,2432,22,0,106,1529225486,,15,4,12,,0,,6.75
454,3957552255,129,False,2068,22,0,74,1529223010,,9,0,8,1.0,0,,inf
455,3957460299,3,True,2675,22,7,111,1529219801,,12,10,9,,0,,2.1
456,3955210404,4,True,2835,22,0,95,1529126697,,15,4,13,,0,,7.0
457,3952227848,132,True,2159,22,7,30,1528985737,,11,14,14,1.0,0,,1.7857142857142858
458,3951713439,129,False,2379,22,0,4,1528969215,,25,6,10,1.0,0,,5.833333333333333
459,3951654250,128,True,3116,22,0,6,1528966820,,6,9,5,,1,,1.2222222222222223
460,3951593084,2,True,1963,22,0,18,1528964330,,10,2,9,1.0,1,,9.5
461,3949584974,1,True,2951,22,0,21,1528877056,21.0,17,7,16,,0,4.0,4.714285714285714
462,3949419264,131,True,2626,22,0,14,1528869887,,3,13,10,1.0,1,,1.0
463,3949373972,1,True,2262,22,0,62,1528866856,,4,6,10,1.0,0,,2.3333333333333335
464,3947723012,1,True,1860,22,0,110,1528790227,,8,12,12,1.0,0,,1.6666666666666667
465,3947635690,132,True,3246,22,7,4,1528786518,,17,11,6,,1,,2.090909090909091
466,3947513418,128,False,2004,22,7,2,1528780736,,20,2,16,1.0,0,,18.0
467,3947413584,4,True,2000,22,7,69,1528775483,,9,3,15,1.0,0,,8.0
468,3947366173,1,True,1897,22,7,86,1528772692,,5,6,30,1.0,0,,5.833333333333333
469,3947325516,0,True,1852,22,7,20,1528770251,,2,5,20,1.0,0,,4.4
470,3945782681,129,False,2472,22,0,92,1528705615,,15,6,16,1.0,0,,5.166666666666667
471,3945661448,0,False,1215,22,0,12,1528700289,,2,6,0,1.0,3,,0.3333333333333333
472,3945612945,128,True,2016,22,0,68,1528697924,,2,12,11,1.0,0,,1.0833333333333333
473,3945559132,0,True,2084,22,0,37,1528695152,,5,1,26,1.0,0,,31.0
474,3945515451,0,False,1755,22,0,85,1528692786,,3,14,5,1.0,0,,0.5714285714285714
475,3941371636,130,False,4900,22,0,34,1528522241,,36,9,31,,1,,7.444444444444445
476,3941300897,129,True,2949,22,0,80,1528518945,,12,7,10,1.0,0,,3.142857142857143
477,3941241754,130,True,2358,22,0,72,1528515869,,14,5,8,1.0,0,,4.4
478,3941170582,3,True,3567,22,0,76,1528511702,21.0,15,9,10,,0,4.0,2.7777777777777777
479,3941118072,130,False,2662,22,0,11,1528508360,,25,1,5,,0,,30.0
480,3939943473,3,False,3247,22,0,41,1528459040,21.0,24,7,14,,0,4.0,5.428571428571429
481,3939856729,4,False,2519,22,0,77,1528456060,,4,8,15,,0,,2.375
482,3939830108,3,False,534,22,0,96,1528455069,,2,0,0,1.0,1,,inf
483,3939745460,4,True,2005,22,0,64,1528451761,,4,10,15,,0,,1.9
484,3939718492,2,True,613,22,0,21,1528450655,,1,1,2,1.0,1,,3.0
485,3939636704,132,False,2721,22,0,60,1528447292,,13,10,22,,0,,3.5
486,3939543699,1,False,3539,22,0,101,1528443250,,6,18,28,,0,,1.8888888888888888
487,3937700164,2,True,2118,22,0,91,1528355081,,4,8,21,1.0,0,,3.125
488,3937633196,1,False,3565,22,7,86,1528351206,,8,16,23,,0,,1.9375
489,3936076395,1,True,2523,22,0,67,1528274085,21.0,17,5,11,1.0,0,5.0,5.6
490,3936003058,128,True,2228,22,0,11,1528270846,,20,11,5,1.0,0,,2.272727272727273
491,3935946966,128,False,2188,22,0,34,1528268087,,16,1,11,,0,,27.0
492,3935886049,128,True,2196,22,0,52,1528264995,,9,13,8,1.0,0,,1.3076923076923077
493,3935834689,129,True,2413,22,0,53,1528262146,,8,5,13,1.0,1,,4.2
494,3935749319,1,True,3600,22,0,56,1528256967,,31,8,7,1.0,0,,4.75
495,3930872548,131,True,2495,22,0,59,1528024858,,14,17,4,,0,,1.0588235294117647
496,3930572553,3,True,2682,22,0,22,1528014800,,21,4,23,,0,,11.0
497,3930498965,131,False,1828,22,0,53,1528012355,,10,4,11,,0,,5.25
498,3930434043,130,True,1309,22,0,16,1528010125,,7,9,2,1.0,1,,1.0
499,3928671233,2,False,3529,22,0,52,1527938418,,15,13,10,,0,,1.9230769230769231
500,3928447736,3,True,2217,22,0,31,1527930577,,7,8,14,,0,,2.625
501,3928343750,0,False,3175,22,0,8,1527926896,,12,10,7,,0,,1.9
502,3928244616,1,True,3289,22,0,109,1527923240,,15,7,5,,0,,2.857142857142857
503,3926250181,0,True,2572,22,0,62,1527830779,,15,5,26,1.0,0,,8.2
504,3926196306,0,True,2710,4,0,106,1527827727,,21,5,16,1.0,0,,7.4
505,3926139960,0,False,3170,4,0,20,1527823998,,22,16,11,1.0,0,,2.0625
506,3926096712,0,True,2730,4,0,58,1527820580,,27,2,11,1.0,0,,19.0
507,3926049130,128,True,3080,4,0,36,1527817121,,20,16,12,1.0,0,,2.0
508,3923011092,130,False,2303,4,0,72,1527682092,,8,6,13,1.0,0,,3.5
509,3922918450,130,False,2411,4,0,48,1527678942,,10,10,10,1.0,0,,2.0
510,3922858422,2,True,1862,4,0,106,1527676706,,15,1,5,1.0,0,,20.0
511,3922767463,131,True,3213,4,0,81,1527673093,,21,11,9,,0,,2.727272727272727
512,3922625699,129,False,2764,22,0,40,1527667247,,16,7,19,,0,,5.0
513,3922587172,129,True,1304,22,0,59,1527665562,,16,7,2,1.0,1,,2.5714285714285716
514,3919208828,0,True,1478,22,0,53,1527509722,,10,2,10,1.0,0,,10.0
515,3919141881,128,False,1631,22,0,6,1527507525,,9,2,6,1.0,0,,7.5
516,3919051574,0,False,2789,22,0,103,1527504243,,11,17,14,,0,,1.4705882352941178
517,3918997420,128,False,1674,4,0,37,1527502116,21.0,10,1,19,1.0,0,,29.0
518,3918930831,1,True,1984,4,0,94,1527499401,,5,1,5,1.0,0,,10.0
519,3918834437,1,True,3247,4,0,57,1527495386,,13,13,25,,0,,2.923076923076923
520,3918747035,129,True,3059,4,0,33,1527491483,,10,17,17,,0,,1.588235294117647
521,3914757040,2,False,3282,4,0,25,1527324745,,16,11,10,,0,,2.3636363636363638
522,3914666257,2,True,2597,4,0,23,1527321775,,15,4,10,1.0,0,,6.25
523,3914609812,2,True,1619,4,0,4,1527319879,,22,1,3,1.0,0,,25.0
524,3914435081,132,True,3218,4,0,64,1527313555,,4,4,14,,3,,4.5
525,3912971768,130,True,2251,4,0,50,1527250676,,6,13,18,,3,,1.8461538461538463
526,3912877735,130,False,2402,4,0,8,1527247620,,9,8,6,,0,,1.875
527,3912797076,3,False,2510,4,0,56,1527244722,,9,3,5,,0,,4.666666666666667
528,3912724269,3,False,2563,4,0,94,1527241901,,9,6,4,,0,,2.1666666666666665
529,3912653624,131,False,2217,4,0,10,1527239086,,16,2,13,1.0,0,,14.5
530,3912581188,131,False,2481,4,0,48,1527236187,,22,5,6,1.0,0,,5.6
531,3912495928,131,False,2938,4,0,72,1527232496,,28,6,14,1.0,0,,7.0
532,3910633422,1,False,3340,3,7,16,1527147182,,6,15,20,,1,,1.7333333333333334
533,3910546352,1,False,3547,22,7,87,1527143132,,1,23,13,,0,,0.6086956521739131
534,3910487869,130,False,2419,4,0,31,1527140245,,12,2,17,,0,,14.5
535,3909001166,0,True,2733,22,0,70,1527071470,,23,6,15,,0,,6.333333333333333
536,3908898449,0,True,3685,22,0,120,1527067242,,11,14,21,,0,,2.2857142857142856
537,3908817645,0,False,2548,2,0,54,1527063872,,6,12,6,,0,,1.0
538,3908744938,0,True,2688,22,0,49,1527060658,,18,5,10,,0,,5.6
539,3906927890,1,True,3275,22,0,38,1526979732,,13,10,25,,0,,3.8
540,3906872686,3,True,1825,22,0,90,1526977417,,4,1,27,1.0,0,,31.0
541,3906805610,129,True,2431,22,0,44,1526974522,,7,9,6,,0,,1.4444444444444444
542,3902233642,128,True,2964,22,7,93,1526787676,,12,10,11,,0,,2.3
543,3902180858,131,True,1956,22,0,99,1526785360,,3,8,3,1.0,1,,0.75
544,3902150919,132,True,2010,22,0,8,1526783986,,2,0,4,1.0,1,,inf
545,3899615444,130,True,2234,22,0,14,1526694330,,2,19,9,1.0,1,,0.5789473684210527
546,3898414713,131,False,2331,22,0,44,1526647799,,45,2,7,,0,,26.0
547,3898299225,3,False,2407,22,0,103,1526644857,,8,18,18,1.0,0,,1.4444444444444444
548,3898176782,131,True,2975,22,0,72,1526641400,,14,11,3,,0,,1.5454545454545454
549,3898085514,131,True,2409,22,0,7,1526638494,,3,14,15,,0,,1.2857142857142858
550,3897986691,132,False,2615,22,0,62,1526635244,,12,7,18,,0,,4.285714285714286
551,3896064895,0,True,2536,22,0,21,1526556426,21.0,14,2,10,,0,2.0,12.0
552,3895993176,131,False,1649,22,7,2,1526554146,,10,5,16,1.0,0,,5.2
553,3895903109,0,True,2180,2,7,26,1526551054,,6,4,24,,0,,7.5
554,3895796892,130,False,3179,22,7,86,1526547199,,4,10,23,,0,,2.7
555,3895705558,131,False,2901,22,7,119,1526543801,,9,7,22,,0,,4.428571428571429
556,3895636941,1,True,2240,22,0,49,1526541121,,9,3,16,,0,,8.333333333333334
557,3893912512,3,False,4063,22,0,47,1526471041,,14,14,10,,0,,1.7142857142857142
558,3893779602,130,True,3479,22,0,2,1526466904,,14,11,13,,0,,2.4545454545454546
559,3893698375,2,True,2324,22,0,46,1526464076,,12,2,13,1.0,0,,12.5
560,3893620209,130,True,1940,22,0,91,1526461237,,3,9,16,1.0,0,,2.111111111111111
561,3893549834,2,True,2162,22,0,7,1526458565,,7,8,7,1.0,0,,1.75
562,3893454371,129,True,2867,22,0,74,1526454815,,6,9,9,,0,,1.6666666666666667
563,3893375892,2,True,2217,22,0,48,1526451489,,17,5,11,1.0,0,,5.6
564,3891578249,0,False,1665,22,0,73,1526381187,,1,9,1,1.0,3,,0.2222222222222222
565,3891500779,1,True,2199,22,0,93,1526378577,21.0,9,6,19,,0,3.0,4.666666666666667
566,3886757069,129,False,3173,22,0,67,1526203736,,14,4,15,,0,,7.25
567,3886655575,128,False,2034,22,0,35,1526201236,,20,2,10,,0,,15.0
568,3886544392,0,True,2194,22,0,69,1526198521,,7,4,17,,0,,6.0
569,3881298910,128,False,3915,22,0,25,1526035879,,24,10,5,,0,,2.9
570,3881173147,0,True,3351,22,0,26,1526031923,21.0,3,14,26,,0,5.0,2.0714285714285716
571,3881083057,1,True,2444,22,0,34,1526028857,,18,3,8,1.0,0,,8.666666666666666
572,3880950671,130,True,2799,22,0,6,1526024219,,10,11,5,,0,,1.3636363636363635
573,3879048932,129,False,2670,22,0,93,1525951616,,18,9,9,1.0,0,,3.0
574,3878944868,2,True,2570,22,0,12,1525948656,,14,3,9,,0,,7.666666666666667
575,3878873872,0,True,1769,22,0,10,1525946436,,6,4,15,1.0,0,,5.25
576,3878816805,1,True,2175,22,0,42,1525944553,,2,4,3,1.0,1,,1.25
577,3878699301,129,True,3234,22,0,39,1525940924,21.0,16,8,19,,0,2.0,4.375
578,3874219070,2,True,2909,2,7,43,1525770654,,13,5,21,,0,,6.8
579,3870083980,1,True,2519,22,0,95,1525606956,,19,4,11,,0,,7.5
580,3870035814,4,False,826,22,0,95,1525605606,21.0,0,0,1,1.0,1,4.0,inf
581,3869857486,2,True,4225,22,0,16,1525600481,,9,15,35,,0,,2.933333333333333
582,3869702394,2,True,2150,22,0,29,1525596100,,10,4,24,1.0,0,,8.5
583,3869600355,129,True,2504,22,0,54,1525593206,,12,8,7,,0,,2.375
584,3867162562,131,False,3580,22,0,9,1525503788,,20,8,18,,0,,4.75
585,3867068441,130,False,2928,22,7,100,1525500235,,2,15,17,1.0,0,,1.2666666666666666
586,3866994983,130,True,2391,22,0,98,1525497211,,16,7,15,1.0,0,,4.428571428571429
587,3866907204,130,False,3585,22,0,82,1525493185,,19,14,11,1.0,0,,2.142857142857143
588,3866834380,2,True,3262,22,0,23,1525489452,,10,10,18,1.0,0,,2.8
589,3866773330,2,False,3038,22,0,53,1525486030,,4,9,19,,0,,2.5555555555555554
590,3863720551,132,False,3314,22,0,54,1525340641,,10,8,13,,0,,2.875
591,3863643962,3,False,3243,22,0,93,1525337014,,13,13,18,,0,,2.3846153846153846
592,3856510701,129,False,1954,4,0,58,1525001349,,12,2,13,1.0,0,,12.5
593,3856435521,2,True,2519,4,0,6,1524998434,,11,9,12,,0,,2.5555555555555554
594,3856372330,3,True,2034,4,0,23,1524995949,,24,4,5,1.0,0,,7.25
595,3856274077,1,True,3364,4,0,53,1524992123,,14,10,15,,0,,2.9
596,3856201549,0,True,2566,4,0,102,1524989321,,7,6,16,1.0,0,,3.8333333333333335
597,3856115099,129,True,1677,4,0,11,1524985857,,0,10,2,1.0,1,,0.2
598,3855926765,132,True,2401,4,0,84,1524977410,,1,7,5,1.0,2,,0.8571428571428571
599,3854199741,1,True,2517,4,0,53,1524892507,,25,11,12,1.0,0,,3.3636363636363638
600,3854122697,3,False,3891,4,0,15,1524887490,,14,13,9,,0,,1.7692307692307692
601,3854067718,0,True,2692,4,0,63,1524883492,,13,9,20,1.0,0,,3.6666666666666665
602,3852834912,129,False,2744,4,0,114,1524816983,,0,6,4,1.0,3,,0.6666666666666666
603,3851611250,2,False,2725,22,0,81,1524740940,,11,12,4,1.0,3,,1.25
604,3848500055,131,False,1877,22,0,30,1524560778,,9,5,21,1.0,0,,6.0
605,3843261338,0,True,2875,22,0,40,1524295499,,19,10,11,,0,,3.0
606,3843208747,1,True,1803,22,0,80,1524293170,,10,4,20,1.0,0,,7.5
607,3843155214,0,True,1989,22,7,60,1524290706,,7,4,18,1.0,0,,6.25
608,3843096520,0,True,2453,22,7,100,1524287773,,12,7,22,1.0,0,,4.857142857142857
609,3843042388,130,False,2193,4,0,20,1524284835,,8,5,15,1.0,0,,4.6
610,3842993542,128,True,2665,4,0,73,1524281918,,8,6,7,1.0,0,,2.5
611,3842953020,130,True,2256,4,0,17,1524279374,,10,4,3,1.0,0,,3.25
612,3842914683,130,False,2191,4,0,41,1524276839,,29,0,8,1.0,0,,inf
613,3842876491,128,False,2565,4,0,109,1524274039,,17,5,11,1.0,0,,5.6
614,3841842534,132,False,3160,4,0,52,1524223685,,23,10,12,,0,,3.5
615,3841788296,0,True,2026,4,0,22,1524221195,,26,1,15,1.0,0,,41.0
616,3841736354,128,True,1872,4,0,63,1524218602,,5,6,15,1.0,1,,3.3333333333333335
617,3841666974,0,False,2947,4,0,99,1524214951,,9,5,20,1.0,2,,5.8
618,3835662379,3,False,2664,4,0,10,1523870582,,4,7,11,1.0,0,,2.142857142857143
619,3835603890,0,True,2817,4,0,41,1523867358,,12,7,11,1.0,0,,3.2857142857142856
620,3832189708,0,True,2497,4,0,102,1523700926,,12,5,20,1.0,0,,6.4
621,3832135388,1,False,2117,4,0,89,1523698687,,4,8,10,1.0,1,,1.75
622,3826990563,132,False,3344,22,0,98,1523425181,,13,11,18,,0,,2.8181818181818183
623,3826935189,131,False,3018,22,0,106,1523421521,,15,9,14,1.0,0,,3.2222222222222223
624,3826900319,3,True,1970,22,0,59,1523419045,,24,8,8,1.0,0,,4.0
625,3826863656,128,True,2176,22,0,96,1523416287,,18,10,3,1.0,0,,2.1
626,3826826473,0,True,2473,22,0,94,1523413379,,19,2,5,1.0,0,,12.0
627,3826785088,0,False,2778,22,0,66,1523409856,,9,10,21,1.0,0,,3.0
628,3825501790,0,False,3225,22,0,106,1523342173,,14,7,12,,0,,3.7142857142857144
629,3825455160,0,True,2473,22,0,43,1523339213,,21,2,12,1.0,0,,16.5
630,3825412109,129,False,1794,22,0,98,1523336365,,24,4,13,1.0,0,,9.25
631,3825363225,130,False,2878,22,0,104,1523332976,,16,5,14,1.0,0,,6.0
632,3825340143,128,True,1373,22,0,13,1523331242,,2,7,2,1.0,0,,0.5714285714285714
633,3824089406,2,False,1909,22,0,90,1523263993,,2,7,5,1.0,0,,1.0
634,3823953510,132,False,2778,22,0,72,1523256566,,18,4,12,1.0,0,,7.5
635,3823802683,132,True,3147,22,0,35,1523246868,,2,5,4,,1,,1.2
636,3822603088,3,False,2627,22,0,107,1523186114,,5,15,13,1.0,0,,1.2
637,3822501484,131,True,3482,22,7,90,1523182195,,9,6,18,,0,,4.5
638,3822423447,128,True,2508,2,7,16,1523179095,,10,8,23,1.0,0,,4.125
639,3822362136,130,False,2008,22,0,32,1523176604,,8,9,19,,0,,3.0
640,3822273343,131,False,3101,22,0,54,1523172890,,7,7,20,,0,,3.857142857142857
641,3821931013,128,False,2249,22,0,39,1523154197,,14,5,12,1.0,0,,5.2
642,3820748426,130,False,2924,22,0,72,1523101850,,22,6,9,,0,,5.166666666666667
643,3820713622,132,True,1111,22,0,109,1523100359,,3,1,3,1.0,1,,6.0
644,3820637899,4,True,2481,22,0,16,1523097352,,8,7,22,1.0,0,,4.285714285714286
645,3820558712,130,False,2674,22,0,23,1523093922,,10,6,10,1.0,0,,3.3333333333333335
646,3820496721,2,True,1913,22,0,52,1523091268,,14,3,11,1.0,0,,8.333333333333334
647,3820439473,4,True,2020,22,0,18,1523088870,,11,2,15,1.0,0,,13.0
648,3820371911,2,True,2552,22,0,15,1523085771,,30,7,14,1.0,0,,6.285714285714286
649,3820037565,132,True,2832,22,0,34,1523065062,,8,6,8,1.0,0,,2.6666666666666665
650,3818931345,132,True,2976,22,0,86,1523013483,,0,23,19,1.0,0,,0.8260869565217391
651,3818864229,1,False,2511,22,0,61,1523010499,,10,7,5,1.0,0,,2.142857142857143
652,3818805866,0,False,2477,22,0,107,1523007594,,2,17,15,1.0,0,,1.0
653,3818741304,0,True,2529,22,0,51,1523004549,,15,9,20,,0,,3.888888888888889
654,3818677364,128,False,2489,22,0,72,1523001563,,19,7,8,,0,,3.857142857142857
655,3818623189,129,True,2354,22,0,65,1522998923,,2,13,15,1.0,1,,1.3076923076923077
656,3818549681,130,True,1590,22,0,8,1522995028,,1,9,1,1.0,1,,0.2222222222222222
657,3818493039,0,False,2927,22,0,16,1522991628,,1,16,19,1.0,0,,1.25
658,3818449835,129,True,2372,22,0,29,1522988752,,5,12,12,1.0,0,,1.4166666666666667
659,3817324727,1,False,2748,22,0,8,1522928609,,5,8,5,1.0,0,,1.25
660,3817280070,2,True,1711,22,0,16,1522926499,,4,4,18,1.0,0,,5.5
661,3814095649,129,False,1874,2,7,4,1522746325,,12,4,13,1.0,0,,6.25
662,3808453790,4,True,3144,2,7,12,1522464631,,12,9,15,,0,,3.0
663,3806782746,129,False,1558,22,0,58,1522384975,,6,0,7,1.0,0,,inf
664,3802507140,1,True,2090,4,0,94,1522132053,,2,2,6,1.0,0,,4.0
665,3802457072,131,False,2460,4,0,48,1522129010,,20,7,12,1.0,0,,4.571428571428571
666,3802420172,129,False,1885,4,0,76,1522126661,21.0,12,4,12,1.0,0,1.0,6.0
667,3802351486,128,False,1934,4,0,95,1522122003,,12,2,6,1.0,0,,9.0
668,3802307156,2,True,2747,4,0,67,1522118769,,13,6,26,1.0,0,,6.5
669,3800802139,2,False,2554,22,0,38,1522040791,,7,11,8,1.0,3,,1.3636363636363635
670,3800753490,129,False,2587,22,0,73,1522037515,,13,6,9,1.0,0,,3.6666666666666665
671,3800690116,1,True,4182,22,0,17,1522032862,,20,18,34,1.0,0,,3.0
672,3800655988,131,False,2042,22,0,8,1522030233,,22,4,9,1.0,0,,7.75
673,3800626422,131,False,1963,22,0,76,1522027824,,17,4,7,1.0,0,,6.0
674,3797259646,132,True,3492,22,7,18,1521881649,,24,10,10,,0,,3.4
675,3797165289,128,True,2563,22,0,9,1521877823,,10,10,9,1.0,0,,1.9
676,3797067975,131,False,3774,22,0,25,1521873677,,22,14,18,,0,,2.857142857142857
677,3796992756,129,False,3061,22,0,92,1521870158,21.0,17,6,21,1.0,0,,6.333333333333333
678,3795268536,129,False,2613,22,7,27,1521784331,21.0,3,17,16,1.0,0,1.0,1.1176470588235294
679,3794099068,4,True,3256,22,0,45,1521719092,,2,10,5,,1,,0.7
680,3793495067,1,True,1876,22,0,12,1521681742,,8,5,12,1.0,0,,4.0
681,3791037765,3,False,2129,22,0,19,1521545269,,8,14,6,1.0,0,,1.0
682,3790985035,2,True,1831,22,0,108,1521542967,,10,4,13,1.0,0,,5.75
683,3790959111,131,True,824,22,0,89,1521541784,21.0,1,4,0,1.0,1,4.0,0.25
684,3790895452,130,True,2215,22,0,62,1521538755,,6,8,6,1.0,0,,1.5
685,3790819497,3,True,3484,4,0,44,1521534922,,16,11,12,,0,,2.5454545454545454
686,3790773312,3,True,2491,4,0,12,1521530230,,12,8,8,1.0,0,,2.5
687,3790717236,130,False,3191,4,0,1,1521526626,,5,3,9,1.0,0,,4.666666666666667
688,3790700168,0,False,2276,4,0,1,1521525560,,1,8,2,,1,,0.375
689,3788930726,129,False,2536,4,0,53,1521430500,,9,11,12,1.0,0,,1.9090909090909092
690,3788879590,1,False,3315,4,0,54,1521426683,,8,10,8,1.0,0,,1.6
691,3788837946,128,False,2193,4,0,70,1521423377,,18,4,12,1.0,0,,7.5
692,3785477156,0,True,1926,22,0,35,1521281866,,20,1,14,1.0,0,,34.0
693,3785352269,129,True,2557,22,0,78,1521277025,,7,13,7,1.0,0,,1.0769230769230769
694,3785277544,129,False,2423,22,0,54,1521274107,,13,5,9,1.0,0,,4.4
695,3785218643,1,True,1614,22,0,12,1521271713,,33,1,12,1.0,0,,45.0
696,3783636580,3,True,2570,22,0,76,1521200137,,17,7,5,1.0,0,,3.142857142857143
697,3782039117,1,False,2598,22,0,86,1521115193,,6,10,12,1.0,0,,1.8
698,3781980438,2,True,2080,22,0,35,1521112665,,15,3,12,1.0,0,,9.0
699,3781909431,1,True,2589,22,0,108,1521109291,,15,10,10,1.0,0,,2.5
700,3781850746,129,True,2436,22,0,34,1521106281,,5,9,4,1.0,0,,1.0
701,3780202112,131,True,1757,22,0,73,1521016338,,1,8,0,1.0,0,,0.125
702,3778606769,132,True,3357,22,0,38,1520933196,,13,11,19,1.0,0,,2.909090909090909
703,3775211085,0,False,3457,22,0,57,1520750325,21.0,4,14,9,,0,2.0,0.9285714285714286
704,3775086593,0,True,2362,22,0,86,1520744793,,2,9,10,1.0,0,,1.3333333333333333
705,3775036744,0,False,2114,22,0,17,1520742243,,7,11,3,1.0,0,,0.9090909090909091
706,3773426093,2,False,3897,22,0,1,1520671983,,15,7,19,,0,,4.857142857142857
707,3773347836,129,False,2066,22,0,48,1520668883,,17,4,8,1.0,0,,6.25
708,3773285271,132,False,1545,22,0,36,1520666254,21.0,15,1,13,1.0,0,2.0,28.0
709,3773215432,1,True,2616,22,0,8,1520663135,,16,6,13,,0,,4.833333333333333
710,3772068527,3,False,2745,22,7,3,1520603896,,5,10,12,,0,,1.7
711,3771994195,3,True,1758,4,0,4,1520601434,,28,2,9,1.0,0,,18.5
712,3771732104,3,False,3139,22,0,7,1520591598,21.0,0,15,10,,3,1.0,0.6666666666666666
713,3770027173,132,False,2800,22,0,100,1520504847,,6,12,29,,0,,2.9166666666666665
714,3768378172,1,True,2500,22,0,94,1520419438,,10,3,12,1.0,0,,7.333333333333333
715,3768294878,1,True,3621,22,0,86,1520415370,,5,16,27,1.0,0,,2.0
716,3768277661,0,True,609,22,0,95,1520414465,,1,1,2,1.0,1,,3.0
717,3763738862,129,False,2205,22,7,58,1520159694,,16,2,15,1.0,0,,15.5
718,3763564905,130,True,2627,22,0,53,1520153058,,5,19,4,,0,,0.47368421052631576
719,3763449823,1,True,2796,22,0,18,1520148542,,16,5,12,,0,,5.6
720,3763372527,1,False,2813,22,0,11,1520145354,,7,15,18,1.0,0,,1.6666666666666667
721,3763312883,0,True,2246,22,0,73,1520142695,,11,3,12,1.0,0,,7.666666666666667
722,3763283008,131,True,2633,22,0,13,1520141279,,1,6,2,1.0,1,,0.5
723,3759924135,0,False,3923,22,0,34,1519983413,,11,6,17,,0,,4.666666666666667
724,3759875544,0,True,2134,22,0,73,1519980903,,3,4,7,1.0,0,,2.5
725,3759771444,1,False,1905,22,0,18,1519975717,,6,9,1,1.0,0,,0.7777777777777778
726,3759657081,0,True,3229,2,7,87,1519970169,,3,8,26,,0,,3.625
727,3759615471,132,True,1956,2,7,16,1519967497,,9,13,5,1.0,1,,1.0769230769230769
728,3759574617,0,False,2206,22,7,87,1519964681,21.0,2,12,16,1.0,0,1.0,1.5
729,3758313686,3,True,2190,22,0,73,1519896869,,9,6,11,1.0,0,,3.3333333333333335
730,3758277441,4,True,1354,22,0,66,1519895012,,3,3,14,1.0,0,,5.666666666666667
731,3738422007,3,True,2145,22,0,98,1518854831,,14,1,8,,0,,22.0
732,3728569907,1,False,2281,22,0,41,1518340130,,12,10,7,,0,,1.9
733,3714715103,3,False,3410,22,0,58,1517657551,,6,12,20,,0,,2.1666666666666665
734,3702032182,129,True,2781,22,0,12,1517046333,,12,7,18,,0,,4.285714285714286
735,3693211313,131,True,3003,22,0,2,1516613269,,17,10,6,,0,,2.3
736,3663453592,131,True,2790,2,7,76,1515225849,,9,10,16,,0,,2.5
737,3659862853,131,True,2123,22,0,89,1515065588,,2,5,1,,3,,0.6
738,3633598502,130,True,2473,22,7,94,1513916561,,4,8,5,,0,,1.125
739,3625799985,129,False,2044,22,0,43,1513579750,,9,4,8,,0,,4.25
740,3555008185,1,True,1734,4,0,101,1510377552,,6,9,13,,0,,2.111111111111111
